EBI API PMIDS,PubMed API PMIDS
34533215,34573925
33985463,34533215
33163362,34503540
32486376,34435740
32075597,34420841
32061396,34417096
30548979,34410034
29971196,34377173
32021598,34362059
30669586,34216700
30982216,34113545
30524696,34051828
30740728,34030701
31582674,33985463
30335002,33960649
29157190,33850389
30118150,33775523
26943923,34522163
28983456,34471711
28552677,34471251
28932756,34441282
27797586,34418623
34417096,34258139
34435740,34167000
33678523,34601021
33209960,34600908
32748606,34600820
31142378,34598092
27339555,34597660
26937411,34582919
26951141,34582875
25892708,34575721
26502669,34569230
25896963,34564311
24764221,34564309
27896124,34564305
22405600,34564045
34471711,34559465
34577086,34552478
34362047,34550328
34113545,34547581
34441282,34544164
34503540,34542925
34573925,34541829
34463634,34001794
34472180,
34542925,
34480399,
